{
    "version": 2.0,
    "target": "bcm2835",
    "algorithms": [
        {
            "rpi.black_level":
            {
                "black_level": 3840
            }
        },
        {
            "rpi.dpc": { }
        },
        {
            "rpi.lux":
            {
                "reference_shutter_speed": 9998,
                "reference_gain": 1.0,
                "reference_aperture": 1.0,
                "reference_lux": 823,
                "reference_Y": 12396
            }
        },
        {
            "rpi.noise":
            {
                "reference_constant": 0,
                "reference_slope": 2.753
            }
        },
        {
            "rpi.sdn": { }
        },
        {
            "rpi.agc":
            {
                "metering_modes":
                {
                    "centre-weighted":
                    {
                        "weights": [ 3, 3, 3, 2, 2, 2, 2, 1, 1, 1, 1, 0, 0, 0, 0 ]
                    },
                    "spot":
                    {
                        "weights": [ 2, 1, 1, 0, 0, 0, 0, 0, 0, 0, 0, 0, 0, 0, 0 ]
                    },
                    "matrix":
                    {
                        "weights": [ 1, 1, 1, 1, 1, 1, 1, 1, 1, 1, 1, 1, 1, 1, 1 ]
                    }
                },
                "exposure_modes":
                {
                    "normal":
                    {
                        "shutter": [ 100, 10000, 30000, 60000, 120000 ],
                        "gain": [ 1.0, 2.0, 4.0, 6.0, 6.0 ]
                    },
                    "short":
                    {
                        "shutter": [ 100, 5000, 10000, 20000, 120000 ],
                        "gain": [ 1.0, 2.0, 4.0, 6.0, 6.0 ]
                    },
                    "long":
                    {
                        "shutter": [ 1000, 30000, 60000, 90000, 120000 ],
                        "gain": [ 1.0, 2.0, 4.0, 6.0, 12.0 ]
                    }
                },
                "constraint_modes":
                {
                    "normal": [
                        {
                            "bound": "LOWER",
                            "q_lo": 0.98,
                            "q_hi": 1.0,
                            "y_target":
                            [
                                0, 0.5,
                                1000, 0.5
                            ]
                        }
                    ],
                    "highlight": [
                        {
                            "bound": "LOWER",
                            "q_lo": 0.98,
                            "q_hi": 1.0,
                            "y_target":
                            [
                                0, 0.5,
                                1000, 0.5
                            ]
                        },
                        {
                            "bound": "UPPER",
                            "q_lo": 0.98,
                            "q_hi": 1.0,
                            "y_target":
                            [
                                0, 0.8,
                                1000, 0.8
                            ]
                        }
                    ]
                },
                "y_target":
                [
                    0, 0.16,
                    1000, 0.165,
                    10000, 0.17
                ]
            }
        },
        {
            "rpi.alsc":
            {
                "omega": 1.3,
                "n_iter": 0,
                "luminance_strength": 0.5,
                "calibrations_Cr": [
                    {
                        "ct": 4000,
                        "table":
                        [
                            1, 1, 1, 1, 1, 1, 1, 1, 1, 1, 1, 1, 1, 1, 1, 1,
                            1, 1, 1, 1, 1, 1, 1, 1, 1, 1, 1, 1, 1, 1, 1, 1,
                            1, 1, 1, 1, 1, 1, 1, 1, 1, 1, 1, 1, 1, 1, 1, 1,
                            1, 1, 1, 1, 1, 1, 1, 1, 1, 1, 1, 1, 1, 1, 1, 1,
                            1, 1, 1, 1, 1, 1, 1, 1, 1, 1, 1, 1, 1, 1, 1, 1,
                            1, 1, 1, 1, 1, 1, 1, 1, 1, 1, 1, 1, 1, 1, 1, 1,
                            1, 1, 1, 1, 1, 1, 1, 1, 1, 1, 1, 1, 1, 1, 1, 1,
                            1, 1, 1, 1, 1, 1, 1, 1, 1, 1, 1, 1, 1, 1, 1, 1,
                            1, 1, 1, 1, 1, 1, 1, 1, 1, 1, 1, 1, 1, 1, 1, 1,
                            1, 1, 1, 1, 1, 1, 1, 1, 1, 1, 1, 1, 1, 1, 1, 1,
                            1, 1, 1, 1, 1, 1, 1, 1, 1, 1, 1, 1, 1, 1, 1, 1,
                            1, 1, 1, 1, 1, 1, 1, 1, 1, 1, 1, 1, 1, 1, 1, 1
                        ]
                    }
                ],
                "calibrations_Cb": [
                    {
                        "ct": 4000,
                        "table":
                        [
                            1, 1, 1, 1, 1, 1, 1, 1, 1, 1, 1, 1, 1, 1, 1, 1,
                            1, 1, 1, 1, 1, 1, 1, 1, 1, 1, 1, 1, 1, 1, 1, 1,
                            1, 1, 1, 1, 1, 1, 1, 1, 1, 1, 1, 1, 1, 1, 1, 1,
                            1, 1, 1, 1, 1, 1, 1, 1, 1, 1, 1, 1, 1, 1, 1, 1,
                            1, 1, 1, 1, 1, 1, 1, 1, 1, 1, 1, 1, 1, 1, 1, 1,
                            1, 1, 1, 1, 1, 1, 1, 1, 1, 1, 1, 1, 1, 1, 1, 1,
                            1, 1, 1, 1, 1, 1, 1, 1, 1, 1, 1, 1, 1, 1, 1, 1,
                            1, 1, 1, 1, 1, 1, 1, 1, 1, 1, 1, 1, 1, 1, 1, 1,
                            1, 1, 1, 1, 1, 1, 1, 1, 1, 1, 1, 1, 1, 1, 1, 1,
                            1, 1, 1, 1, 1, 1, 1, 1, 1, 1, 1, 1, 1, 1, 1, 1,
                            1, 1, 1, 1, 1, 1, 1, 1, 1, 1, 1, 1, 1, 1, 1, 1,
                            1, 1, 1, 1, 1, 1, 1, 1, 1, 1, 1, 1, 1, 1, 1, 1
                        ]
                    }
                ],
                "luminance_lut":
                [
                    1.308, 1.293, 1.228, 1.175, 1.139, 1.108, 1.092, 1.082, 1.082, 1.086, 1.097, 1.114, 1.149, 1.199, 1.279, 1.303,
                    1.293, 1.249, 1.199, 1.162, 1.136, 1.109, 1.087, 1.077, 1.072, 1.081, 1.095, 1.103, 1.133, 1.172, 1.225, 1.282,
                    1.251, 1.212, 1.186, 1.159, 1.129, 1.114, 1.102, 1.088, 1.088, 1.088, 1.095, 1.117, 1.123, 1.158, 1.198, 1.249,
                    1.223, 1.192, 1.177, 1.163, 1.147, 1.139, 1.132, 1.112, 1.111, 1.107, 1.113, 1.118, 1.139, 1.155, 1.186, 1.232,
                    1.207, 1.186, 1.171, 1.162, 1.168, 1.163, 1.153, 1.138, 1.129, 1.128, 1.132, 1.136, 1.149, 1.167, 1.189, 1.216,
                    1.198, 1.186, 1.176, 1.176, 1.177, 1.185, 1.171, 1.157, 1.146, 1.144, 1.146, 1.149, 1.161, 1.181, 1.201, 1.221,
                    1.203, 1.181, 1.176, 1.178, 1.191, 1.189, 1.188, 1.174, 1.159, 1.153, 1.158, 1.161, 1.169, 1.185, 1.211, 1.227,
                    1.211, 1.179, 1.177, 1.187, 1.194, 1.196, 1.194, 1.187, 1.176, 1.169, 1.171, 1.171, 1.175, 1.189, 1.214, 1.226,
                    1.219, 1.182, 1.184, 1.191, 1.195, 1.199, 1.197, 1.194, 1.188, 1.185, 1.179, 1.179, 1.182, 1.194, 1.212, 1.227,
                    1.237, 1.192, 1.194, 1.194, 1.198, 1.199, 1.198, 1.197, 1.196, 1.193, 1.189, 1.189, 1.192, 1.203, 1.214, 1.231,
                    1.282, 1.199, 1.199, 1.197, 1.199, 1.199, 1.192, 1.193, 1.193, 1.194, 1.196, 1.197, 1.206, 1.216, 1.228, 1.244,
                    1.309, 1.236, 1.204, 1.203, 1.202, 1.194, 1.194, 1.188, 1.192, 1.192, 1.199, 1.201, 1.212, 1.221, 1.235, 1.247
                ],
                "sigma": 0.005,
                "sigma_Cb": 0.005
            }
        },
        {
            "rpi.contrast":
            {
                "ce_enable": 1,
                "gamma_curve":
                [
                    0, 0,
                    1024, 5040,
                    2048, 9338,
                    3072, 12356,
                    4096, 15312,
                    5120, 18051,
                    6144, 20790,
                    7168, 23193,
                    8192, 25744,
                    9216, 27942,
                    10240, 30035,
                    11264, 32005,
                    12288, 33975,
                    13312, 35815,
                    14336, 37600,
                    15360, 39168,
                    16384, 40642,
                    18432, 43379,
                    20480, 45749,
                    22528, 47753,
                    24576, 49621,
                    26624, 51253,
                    28672, 52698,
                    30720, 53796,
                    32768, 54876,
                    36864, 57012,
                    40960, 58656,
                    45056, 59954,
                    49152, 61183,
                    53248, 62355,
                    57344, 63419,
                    61440, 64476,
                    65535, 65535
                ]
            }
        },
        {
            "rpi.sharpen":
            {
                "threshold": 0.1,
                "strength": 1.0,
                "limit": 0.18
            }
        }
    ]
}
